Sample ID,Pick Date,Experimental Generation,Backup Generation,Backup Date,Notes
500,12-04-2018,2,0,11-30-2018,ancestral stock
503,12-04-2018,2,0,11-30-2018,ancestral stock
506,12-04-2018,2,0,11-30-2018,ancestral stock
514,12-04-2018,2,0,11-04-2018,ancestral stock
534,12-04-2018,2,0,11-30-2018,ancestral stock
592,12-04-2018,2,0,11-30-2018,ancestral stock
704,12-04-2018,2,0,11-30-2018,ancestral stock
720,12-04-2018,2,0,11-30-2018,ancestral stock
753,12-04-2018,2,0,11-30-2018,ancestral stock
754,12-04-2018,2,0,11-30-2018,ancestral stock
757,12-04-2018,2,0,11-30-2018,ancestral stock
768,12-04-2018,2,0,11-30-2018,ancestral stock
794,12-04-2018,2,0,11-30-2018,ancestral stock
836,12-04-2018,2,0,11-30-2018,ancestral stock
980,12-04-2018,2,0,11-30-2018,ancestral stock
622,12-08-2018,3,1,11-30-2018,
748,12-08-2018,3,1,11-30-2018,
801,12-08-2018,3,1,11-30-2018,
950,12-08-2018,3,1,11-30-2018,
538,12-12-2018,4,2,12-04-2018,
700,12-12-2018,4,2,12-04-2018,
711,12-12-2018,4,2,12-04-2018,
726,12-12-2018,4,2,12-04-2018,
733,12-12-2018,4,2,12-04-2018,
738,12-12-2018,4,2,12-04-2018,
751,12-12-2018,4,2,12-04-2018,
775,12-12-2018,4,1,11-30-2018,
796,12-12-2018,4,2,12-04-2018,
809,12-12-2018,4,2,12-04-2018,
812,12-12-2018,4,2,12-04-2018,
882,12-12-2018,4,2,12-04-2018,
888,12-12-2018,4,2,12-04-2018,
894,12-12-2018,4,2,12-04-2018,
733,12-16-2018,5,2,12-04-2018,
739,12-16-2018,5,3,12-08-2018,
759,12-16-2018,5,3,12-08-2018,
766,12-16-2018,5,3,12-08-2018,
774,12-16-2018,5,3,12-08-2018,
775,12-16-2018,5,1,11-30-2018,
779,12-16-2018,5,3,12-08-2018,
966,12-16-2018,5,3,12-08-2018,
733,12-20-2018,6,0,12-12-2018,attempted, but no worms available
764,12-20-2018,6,4,12-12-2018,
766,12-20-2018,6,4,12-12-2018,
768,12-20-2018,6,3,12-12-2018,
844,12-20-2018,6,4,12-12-2018,
897,12-20-2018,6,4,12-12-2018,
953,12-20-2018,6,4,12-12-2018,
728,12-24-2018,7,5,12-16-2018,
731,12-24-2018,7,5,12-16-2018,
733,12-24-2018,7,0,11-30-2018,reset from ancestral control
737,12-24-2018,7,5,12-16-2018,
744,12-24-2018,7,0,11-30-2018,reset from ancestral control
746,12-24-2018,7,5,12-16-2018,
759,12-24-2018,7,4,12-16-2018,
766,12-24-2018,7,0,11-30-2018,reset from ancestral control
770,12-24-2018,7,5,12-16-2018,
775,12-24-2018,7,0,11-30-2018,reset from ancestral control
779,12-24-2018,7,4,12-16-2018,
780,12-24-2018,7,5,12-16-2018,
784,12-24-2018,7,5,12-16-2018,
787,12-24-2018,7,5,12-16-2018,
834,12-24-2018,7,5,12-16-2018,
839,12-24-2018,7,5,12-16-2018,
514,12-28-2018,8,5,12-20-2018,
672,12-28-2018,8,6,12-20-2018,
696,12-28-2018,8,6,12-20-2018,
713,12-28-2018,8,5,12-16-2018,
744,12-28-2018,8,0,11-30-2018,reset from ancestral control
746,12-28-2018,8,5,12-16-2018,
757,12-28-2018,8,5,12-20-2018,
771,12-28-2018,8,6,12-20-2018,
775,12-28-2018,8,0,11-30-2018,reset from ancestral control
784,12-28-2018,8,5,12-16-2018,
796,12-28-2018,8,5,12-20-2018,
831,12-28-2018,8,6,12-20-2018,
833,12-28-2018,8,6,12-20-2018,
507,01-01-2019,9,7,12-24-2018,
539,01-01-2019,9,7,12-24-2018,
576,01-01-2019,9,7,12-24-2018,
644,01-01-2019,9,7,12-24-2018,
672,01-01-2019,9,5,12-20-2018,backup date and gen don't match?
704,01-01-2019,9,6,12-24-2018,
711,01-01-2019,9,6,12-24-2018,
713,01-01-2019,9,5,12-16-2018,
717,01-01-2019,9,7,12-24-2018,
727,01-01-2019,9,8,12-24-2018,
758,01-01-2019,9,7,12-24-2018,
759,01-01-2019,9,5,12-16-2018,
768,01-01-2019,9,5,12-24-2018,
780,01-01-2019,9,5,12-16-2018,
782,01-01-2019,9,7,12-24-2018,
784,01-01-2019,9,0,11-30-2018,reset from ancestral control
802,01-01-2019,9,7,12-24-2018,
845,01-01-2019,9,7,12-24-2018,
850,01-01-2019,9,7,12-24-2018,
867,01-01-2019,9,7,12-24-2018,
544,01-05-2019,10,8,12-28-2018,
564,01-05-2019,10,8,12-28-2018,
568,01-05-2019,10,8,12-28-2018,
636,01-05-2019,10,8,12-28-2018,
667,01-05-2019,10,8,12-28-2018,
715,01-05-2019,10,8,12-28-2018,
727,01-05-2019,10,7,12-24-2018,
759,01-05-2019,10,5,12-24-2018,
768,01-05-2019,10,4,12-20-2018,
779,01-05-2019,10,6,12-28-2018,
781,01-05-2019,10,8,12-28-2018,
782,01-05-2019,10,7,12-24-2018,
841,01-05-2019,10,8,12-28-2018,
580,01-09-2019,11,9,12-28-2018,
702,01-09-2019,11,9,01-01-2019,
706,01-09-2019,11,9,01-01-2019,
713,01-09-2019,11,5,12-16-2018,
715,01-09-2019,11,8,12-28-2018,
734,01-09-2019,11,9,01-01-2019,
746,01-09-2019,11,7,01-01-2019,
758,01-09-2019,11,8,01-01-2019,
759,01-09-2019,11,5,12-24-2018,
779,01-09-2019,11,5,12-24-2018,
780,01-09-2019,11,6,01-01-2019,
784,01-09-2019,11,1,01-01-2019,
786,01-09-2019,11,9,01-01-2019,
835,01-09-2019,11,9,01-01-2019,
889,01-09-2019,11,8,12-24-2018,
908,01-09-2019,11,9,12-28-2018,
918,01-09-2019,11,9,12-28-2018,
932,01-09-2019,11,9,12-28-2018,
989,01-09-2019,11,9,12-28-2018,
543,01-13-2019,12,10,01-05-2019,
570,01-13-2019,12,10,01-05-2019,
589,01-13-2019,12,9,01-05-2019,
700,01-13-2019,12,9,01-05-2019,
703,01-13-2019,12,10,01-05-2019,
704,01-13-2019,12,8,01-05-2019,
706,01-13-2019,12,9,01-01-2019,
720,01-13-2019,12,9,01-05-2019,
727,01-13-2019,12,8,01-05-2019,
734,01-13-2019,12,9,01-01-2019,
736,01-13-2019,12,10,01-05-2019,
744,01-13-2019,12,3,01-05-2019,
748,01-13-2019,12,9,01-05-2019,
752,01-13-2019,12,10,01-05-2019,
759,01-13-2019,12,0,11-30-2018,reset from ancestral control
779,01-13-2019,12,0,11-30-2018,reset from ancestral control
780,01-13-2019,12,6,01-01-2019,
783,01-13-2019,12,10,01-05-2019,
784,01-13-2019,12,1,01-01-2019,
786,01-13-2019,12,8,01-01-2019,
796,01-13-2019,12,8,01-05-2019,
500,01-17-2019,13,10,01-09-2019,
531,01-17-2019,13,11,01-09-2019,
702,01-17-2019,13,10,01-09-2019,
704,01-17-2019,13,8,01-05-2019,
708,01-17-2019,13,11,01-09-2019,
713,01-17-2019,13,6,01-09-2019,
715,01-17-2019,13,9,01-09-2019,
717,01-17-2019,13,9,01-05-2019,
726,01-17-2019,13,10,01-09-2019,
736,01-17-2019,13,10,01-05-2019,
758,01-17-2019,13,8,01-01-2019,
770,01-17-2019,13,10,01-09-2019,
781,01-17-2019,13,10,01-09-2019,
793,01-17-2019,13,11,01-09-2019,
796,01-17-2019,13,8,01-05-2019,
803,01-17-2019,13,11,01-09-2019,
844,01-17-2019,13,10,01-09-2019,
864,01-17-2019,13,11,01-09-2019,
874,01-17-2019,13,11,01-09-2019,
889,01-17-2019,13,9,01-09-2019,
518,01-21-2019,14,12,01-13-2019,
702,01-21-2019,14,10,01-09-2019,
704,01-21-2019,14,0,11-30-2018,reset from ancestral control
706,01-21-2019,14,0,11-30-2018,reset from ancestral control
715,01-21-2019,14,9,01-13-2019,
722,01-21-2019,14,12,01-13-2019,
727,01-21-2019,14,9,01-13-2019,
730,01-21-2019,14,12,01-13-2019,
736,01-21-2019,14,0,11-30-2018,reset from ancestral control
744,01-21-2019,14,4,01-13-2019,
746,01-21-2019,14,9,01-13-2019,
748,01-21-2019,14,10,01-13-2019,
752,01-21-2019,14,11,01-13-2019,
766,01-21-2019,14,6,01-13-2019,
780,01-21-2019,14,7,01-13-2019,
786,01-21-2019,14,9,01-13-2019,
789,01-21-2019,14,11,01-13-2019,
796,01-21-2019,14,0,11-30-2018,reset from ancestral control
798,01-21-2019,14,12,01-13-2019,
567,01-25-2019,15,12,01-13-2019,
589,01-25-2019,15,11,01-17-2019,
701,01-25-2019,15,13,01-17-2019,
702,01-25-2019,15,10,01-09-2019,
708,01-25-2019,15,12,01-17-2019,
726,01-25-2019,15,11,01-17-2019,
727,01-25-2019,15,9,01-13-2019,
730,01-25-2019,15,11,01-09-2019,
746,01-25-2019,15,8,01-09-2019,
748,01-25-2019,15,0,11-30-2018,reset from ancestral control
763,01-25-2019,15,13,01-17-2019,
767,01-25-2019,15,13,01-17-2019,
776,01-25-2019,15,13,01-17-2019,
791,01-25-2019,15,13,01-17-2019,
794,01-25-2019,15,12,01-17-2019,
797,01-25-2019,15,13,01-17-2019,
798,01-25-2019,15,12,01-13-2019,
853,01-25-2019,15,13,01-17-2019,
856,01-25-2019,15,13,01-17-2019,
863,01-25-2019,15,13,01-17-2019,
865,01-25-2019,15,13,01-17-2019,
875,01-25-2019,15,13,01-17-2019,
879,01-25-2019,15,13,01-17-2019,
884,01-25-2019,15,13,01-17-2019,
896,01-25-2019,15,13,01-17-2019,
521,01-29-2019,16,14,01-21-2019,
565,01-29-2019,16,14,01-21-2019,
635,01-29-2019,16,13,01-17-2019,
652,01-29-2019,16,14,01-21-2019,
702,01-29-2019,16,10,01-09-2019,
713,01-29-2019,16,8,01-17-2019,
731,01-29-2019,16,13,01-21-2019,
734,01-29-2019,16,12,01-21-2019,
741,01-29-2019,16,14,01-21-2019,
744,01-29-2019,16,5,01-21-2019,
747,01-29-2019,16,14,01-21-2019,
752,01-29-2019,16,11,01-17-2019,
754,01-29-2019,16,13,01-21-2019,
758,01-29-2019,16,10,01-21-2019,
772,01-29-2019,16,14,01-21-2019,
774,01-29-2019,16,13,01-13-2019,
780,01-29-2019,16,8,01-21-2019,
781,01-29-2019,16,12,01-21-2019,
784,01-29-2019,16,4,01-21-2019,
786,01-29-2019,16,10,01-21-2019,
793,01-29-2019,16,13,01-21-2019,
795,01-29-2019,16,14,01-21-2019,
800,01-29-2019,16,14,01-21-2019,
804,01-29-2019,16,13,01-21-2019,
822,01-29-2019,16,14,01-21-2019,
553,02-02-2019,17,15,01-25-2019,
562,02-02-2019,17,15,01-25-2019,
598,02-02-2019,17,15,01-25-2019,
708,02-02-2019,17,12,01-17-2019,
712,02-02-2019,17,15,01-25-2019,
715,02-02-2019,17,10,01-17-2019,
717,02-02-2019,17,12,01-25-2019,
722,02-02-2019,17,14,01-25-2019,
726,02-02-2019,17,12,01-25-2019,
730,02-02-2019,17,12,01-25-2019,
740,02-02-2019,17,15,01-25-2019,
741,02-02-2019,17,13,01-17-2019,
743,02-02-2019,17,15,01-25-2019,
772,02-02-2019,17,14,01-17-2019,
780,02-02-2019,17,8,01-17-2019,
782,02-02-2019,17,11,01-17-2019,
784,02-02-2019,17,4,01-17-2019,
786,02-02-2019,17,8,01-17-2019,
794,02-02-2019,17,13,01-25-2019,
796,02-02-2019,17,2,01-25-2019,
798,02-02-2019,17,13,01-25-2019,
917,02-02-2019,17,15,01-25-2019,
652,02-06-2019,18,14,01-25-2019,
661,02-06-2019,18,16,01-29-2019,
675,02-06-2019,18,16,01-29-2019,
712,02-06-2019,18,15,01-25-2019,
713,02-06-2019,18,8,01-29-2019,
717,02-06-2019,18,11,01-21-2019,
722,02-06-2019,18,13,01-21-2019,
724,02-06-2019,18,16,01-29-2019,
726,02-06-2019,18,12,01-25-2019,
731,02-06-2019,18,13,01-21-2019,
733,02-06-2019,18,10,01-29-2019,
734,02-06-2019,18,13,01-29-2019,
736,02-06-2019,18,3,01-29-2019,
744,02-06-2019,18,6,01-29-2019,
746,02-06-2019,18,10,01-29-2019,
758,02-06-2019,18,11,01-29-2019,
766,02-06-2019,18,7,01-21-2019,
767,02-06-2019,18,15,01-29-2019,
772,02-06-2019,18,14,01-21-2019,
774,02-06-2019,18,14,01-29-2019,
776,02-06-2019,18,15,01-29-2019,
778,02-06-2019,18,16,01-29-2019,
780,02-06-2019,18,0,11-30-2018,reset from ancestral control
781,02-06-2019,18,12,01-21-2019,
784,02-06-2019,18,4,01-21-2019,
786,02-06-2019,18,11,01-29-2019,
789,02-06-2019,18,13,01-25-2019,
791,02-06-2019,18,15,01-29-2019,
793,02-06-2019,18,13,01-21-2019,
795,02-06-2019,18,15,01-29-2019,
796,02-06-2019,18,3,01-29-2019,
877,02-06-2019,18,14,01-25-2019,
552,02-10-2019,19,17,01-02-2019,
689,02-10-2019,19,17,02-02-2019,
700,02-10-2019,19,14,02-02-2019,
701,02-10-2019,19,16,02-02-2019,
704,02-10-2019,19,4,02-02-2019,
708,02-10-2019,19,13,02-02-2019,
720,02-10-2019,19,15,02-02-2019,
729,02-10-2019,19,17,02-02-2019,
730,02-10-2019,19,13,02-02-2019,
731,02-10-2019,19,16,02-02-2019,
738,02-10-2019,19,16,02-02-2019,
741,02-10-2019,19,14,02-02-2019,
743,02-10-2019,19,16,02-02-2019,
744,02-10-2019,19,6,01-25-2019,
754,02-10-2019,19,14,01-29-2019,
766,02-10-2019,19,7,01-21-2019,
768,02-10-2019,19,12,02-02-2019,
772,02-10-2019,19,14,01-21-2019,
774,02-10-2019,19,14,01-29-2019,
775,02-10-2019,19,10,02-02-2019,
782,02-10-2019,19,6,12-20-2018,
784,02-10-2019,19,4,01-25-2019,
789,02-10-2019,19,13,01-25-2019,
793,02-10-2019,19,0,11-30-2018,reset from ancestral control
796,02-10-2019,19,0,11-30-2018,reset from ancestral control
509,02-14-2019,20,18,02-06-2019,
566,02-14-2019,20,17,02-06-2019,
572,02-14-2019,20,18,02-06-2019,
576,02-14-2019,20,17,02-06-2019,
585,02-14-2019,20,18,02-06-2019,
625,02-14-2019,20,18,02-06-2019,
641,02-14-2019,20,18,02-06-2019,
650,02-14-2019,20,17,02-02-2019,
708,02-14-2019,20,13,02-06-2019,
712,02-14-2019,20,16,02-06-2019,
713,02-14-2019,20,9,02-06-2019,
721,02-14-2019,20,18,02-06-2019,
732,02-14-2019,20,17,02-01-2019,
736,02-14-2019,20,4,02-06-2019,
744,02-14-2019,20,6,01-25-2019,
757,02-14-2019,20,16,02-06-2019,
758,02-14-2019,20,11,02-06-2019,
766,02-14-2019,20,7,01-21-2019,
767,02-14-2019,20,16,02-06-2019,
769,02-14-2019,20,18,02-06-2019,
772,02-14-2019,20,14,01-21-2019,
774,02-14-2019,20,14,01-25-2019,
776,02-14-2019,20,16,02-06-2019,
778,02-14-2019,20,17,02-06-2019,
780,02-14-2019,20,0,11-30-2018,
786,02-14-2019,20,11,01-25-2019,
791,02-14-2019,20,16,02-06-2019,
798,02-14-2019,20,15,02-06-2019,
801,02-14-2019,20,17,02-06-2019,
514,02-18-2019,21,17,02-10-2019,
535,02-18-2019,21,19,02-06-2019,
576,02-18-2019,21,17,02-06-2019,
641,02-18-2019,21,18,02-06-2019,
669,02-18-2019,21,19,02-06-2019,
701,02-18-2019,21,17,02-10-2019,
704,02-18-2019,21,5,02-06-2019,
708,02-18-2019,21,0,11-30-2018,reset from ancestral control
726,02-18-2019,21,13,02-06-2019,
729,02-18-2019,21,18,02-10-2019,
730,02-18-2019,21,14,02-10-2019,
735,02-18-2019,21,19,02-10-2019,
741,02-18-2019,21,14,02-02-2019,
743,02-18-2019,21,17,02-10-2019,
744,02-18-2019,21,0,11-30-2018,reset from ancestral control
745,02-18-2019,21,19,02-10-2019,
757,02-18-2019,21,16,02-06-2019,
758,02-18-2019,21,12,02-06-2019,
765,02-18-2019,21,19,02-10-2019,
772,02-18-2019,21,14,01-21-2019,
781,02-18-2019,21,14,02-10-2019,
784,02-18-2019,21,5,02-10-2019,
789,02-18-2019,21,14,02-10-2019,
795,02-18-2019,21,17,02-10-2019,
797,02-18-2019,21,17,02-10-2019,
798,02-18-2019,21,14,02-06-2019,
847,02-18-2019,21,19,02-06-2019,
862,02-18-2019,21,19,02-06-2019,
908,02-18-2019,21,18,02-06-2019,
911,02-18-2019,21,20,02-06-2019,Upgrade to 21 because we realized this was misprinted on the plate as an earlier generation
502,02-22-2019,22,20,02-06-2019,
506,02-22-2019,22,19,02-06-2019,
507,02-22-2019,22,19,02-14-2019,
511,02-22-2019,22,19,02-14-2019,
543,02-22-2019,22,19,02-14-2019,
629,02-22-2019,22,20,02-14-2019,
634,02-22-2019,22,20,02-14-2019,
641,02-22-2019,22,-1,02-22-2019,Extinct. Dumpy phenotype expressed for a few generations preceeding extinction.
704,02-22-2019,22,0,11-30-2018,reset from ancestral stock
712,02-22-2019,22,16,02-06-2019,
713,02-22-2019,22,10,02-14-2019,
717,02-22-2019,22,14,02-14-2019,
720,02-22-2019,22,16,02-10-2019,
726,02-22-2019,22,13,02-06-2019,
730,02-22-2019,22,14,02-10-2019,
731,02-22-2019,22,18,02-14-2019,
732,02-22-2019,22,18,02-14-2019,
746,02-22-2019,22,12,02-10-2019,
769,02-22-2019,22,19,02-14-2019,
776,02-22-2019,22,17,02-14-2019,
778,02-22-2019,22,18,02-14-2019,
780,02-22-2019,22,1,02-14-2019,
781,02-22-2019,22,13,02-10-2019,
784,02-22-2019,22,0,11-30-2018,reset from ancestral stock
789,02-22-2019,22,0,11-30-2018,reset from ancestral stock
791,02-22-2019,22,16,02-06-2019,
796,02-22-2019,22,2,02-14-2019,
798,02-22-2019,22,15,02-06-2019,
881,02-22-2019,22,20,02-10-2019,
568,02-26-2019,23,20,02-18-2019,
652,02-26-2019,23,18,02-18-2019,
703,02-26-2019,23,20,02-18-2019,
705,02-26-2019,23,12,02-18-2019,
711,02-26-2019,23,19,02-18-2019,
712,02-26-2019,23,-1,02-26-2019,Extinct
717,02-26-2019,23,14,02-14-2019,
725,02-26-2019,23,21,02-18-2019,
726,02-26-2019,23,13,02-10-2019,Trouble Tray. Date unknown.
727,02-26-2019,23,16,02-18-2019,
732,02-26-2019,23,-1,02-26-2019,Extinct
734,02-26-2019,23,17,02-18-2019,
735,02-26-2019,23,20,02-18-2019,
736,02-26-2019,23,5,02-14-2019,
738,02-26-2019,23,18,02-18-2019,
741,02-26-2019,23,15,02-18-2019,
743,02-26-2019,23,18,02-18-2019,
745,02-26-2019,23,20,02-18-2019,
746,02-26-2019,23,8,02-18-2019,Trouble Tray. Date Unknown
748,02-26-2019,23,7,02-18-2019,
754,02-26-2019,23,17,02-18-2019,
758,02-26-2019,23,13,02-18-2019,
766,02-26-2019,23,9,02-18-2019,
767,02-26-2019,23,18,02-18-2019,
772,02-26-2019,23,16,02-18-2019,
774,02-26-2019,23,15,02-14-2019,
778,02-26-2019,23,18,02-14-2019,
779,02-26-2019,23,12,02-18-2019,
781,02-26-2019,23,12,02-18-2019,Trouble Tray. Date Unknown
782,02-26-2019,23,9,02-18-2019,
787,02-26-2019,23,20,02-18-2019,
788,02-26-2019,23,21,02-18-2019,
796,02-26-2019,23,2,02-14-2019,
797,02-26-2019,23,18,02-18-2019,
798,02-26-2019,23,-1,02-26-2019,Extinct
814,02-26-2019,23,21,02-18-2019,
818,02-26-2019,23,21,02-18-2019,
826,02-26-2019,23,20,02-18-2019,
893,02-26-2019,23,21,02-18-2019,
895,02-26-2019,23,21,02-18-2019,
934,02-26-2019,23,21,02-18-2019,
936,02-26-2019,23,21,02-18-2019,
570,03-02-2019,24,21,02-22-2019,
579,03-02-2019,24,22,02-22-2019,
596,03-02-2019,24,22,02-22-2019,
647,03-02-2019,24,22,02-22-2019,
690,03-02-2019,24,22,02-22-2019,
701,03-02-2019,24,18,02-18-2019,
702,03-02-2019,24,17,02-22-2019,
710,03-02-2019,24,22,02-22-2019,
711,03-02-2019,24,19,02-18-2019,
713,03-02-2019,24,11,02-22-2019,
717,03-02-2019,24,13,02-10-2019,
721,03-02-2019,24,21,02-22-2019,
722,03-02-2019,24,18,02-22-2019,
727,03-02-2019,24,16,02-18-2019,
729,03-02-2019,24,19,02-22-2019,
730,03-02-2019,24,15,02-22-2019,
731,03-02-2019,24,19,02-22-2019,
734,03-02-2019,24,17,02-22-2019,
735,03-02-2019,24,20,02-18-2019,
736,03-02-2019,24,5,02-14-2019,
741,03-02-2019,24,15,02-18-2019,
743,03-02-2019,24,18,02-22-2019,
746,03-02-2019,24,8,02-14-2019,Trouble Tray. Date Unknown
754,03-02-2019,24,17,02-18-2019,
758,03-02-2019,24,13,02-18-2019,
764,03-02-2019,24,21,02-22-2019,
766,03-02-2019,24,9,02-18-2019,
767,03-02-2019,24,18,02-22-2019,
772,03-02-2019,24,15,02-18-2019,
773,03-02-2019,24,22,02-22-2019,
774,03-02-2019,24,15,02-26-2019,
778,03-02-2019,24,18,02-14-2019,
779,03-02-2019,24,10,02-22-2019,
781,03-02-2019,24,12,02-22-2019,
787,03-02-2019,24,20,02-22-2019,
796,03-02-2019,24,2,02-26-2019,
609,03-06-2019,25,23,03-02-2019,
701,03-06-2019,25,18,03-02-2019,
703,03-06-2019,25,21,02-26-2019,
705,03-06-2019,25,13,02-26-2019,
713,03-06-2019,25,10,03-02-2019,
717,03-06-2019,25,13,03-02-2019,
718,03-06-2019,25,22,02-22-2019,
720,03-06-2019,25,18,02-26-2019,
722,03-06-2019,25,19,03-02-2019,
726,03-06-2019,25,13,03-02-2019,
728,03-06-2019,25,22,02-26-2019,
731,03-06-2019,25,19,03-02-2019,
734,03-06-2019,25,17,03-02-2019,
736,03-06-2019,25,5,02-14-2019,
737,03-06-2019,25,22,02-26-2019,
738,03-06-2019,25,18,03-02-2019,
739,03-06-2019,25,22,02-26-2019,
741,03-06-2019,25,15,03-02-2019,
742,03-06-2019,25,23,02-26-2019,
743,03-06-2019,25,18,03-02-2019,
746,03-06-2019,25,8,03-02-2019,
748,03-06-2019,25,7,03-02-2019,
749,03-06-2019,25,23,03-02-2019,
756,03-06-2019,25,23,02-26-2019,
758,03-06-2019,25,13,03-02-2019,
764,03-06-2019,25,21,02-22-2019,
765,03-06-2019,25,22,02-26-2019,
770,03-06-2019,25,21,02-26-2019,
772,03-06-2019,25,15,02-18-2019,
774,03-06-2019,25,-1,03-06-2019,Extinct
776,03-06-2019,25,19,02-26-2019,
778,03-06-2019,25,18,02-14-2019,
779,03-06-2019,25,10,03-02-2019,
783,03-06-2019,25,22,02-26-2019,
785,03-06-2019,25,23,02-26-2019,
787,03-06-2019,25,19,03-02-2019,
788,03-06-2019,25,21,02-26-2019,
789,03-06-2019,25,2,02-26-2019,
796,03-06-2019,25,2,03-02-2019,
804,03-06-2019,25,21,03-02-2019,
667,03-10-2019,26,23,03-02-2019,
669,03-10-2019,26,23,03-02-2019,
702,03-10-2019,26,18,03-02-2019,
703,03-10-2019,26,21,02-26-2019,
705,03-10-2019,26,13,02-26-2019,
711,03-10-2019,26,19,03-06-2019,
713,03-10-2019,26,10,03-06-2019,
714,03-10-2019,26,24,03-02-2019,
717,03-10-2019,26,13,03-06-2019,
718,03-10-2019,26,22,03-06-2019,
720,03-10-2019,26,18,02-26-2019,
721,03-10-2019,26,21,03-06-2019,
722,03-10-2019,26,19,03-06-2019,
726,03-10-2019,26,13,03-02-2019,
728,03-10-2019,26,22,03-06-2019,
731,03-10-2019,26,19,03-02-2019,
734,03-10-2019,26,17,03-06-2019,
735,03-10-2019,26,20,03-06-2019,
736,03-10-2019,26,5,03-06-2019,
737,03-10-2019,26,22,03-06-2019,
738,03-10-2019,26,19,02-22-2019,
741,03-10-2019,26,15,02-18-2019,
742,03-10-2019,26,23,03-06-2019,
743,03-10-2019,26,18,03-06-2019,
746,03-10-2019,26,8,03-02-2019,
754,03-10-2019,26,18,02-22-2019,
756,03-10-2019,26,23,02-26-2019,
758,03-10-2019,26,-1,03-10-2019,
759,03-10-2019,26,13,03-02-2019,
764,03-10-2019,26,21,03-06-2019,
765,03-10-2019,26,21,02-22-2019,
767,03-10-2019,26,19,03-02-2019,
772,03-10-2019,26,14,03-06-2019,
773,03-10-2019,26,23,03-02-2019,
775,03-10-2019,26,16,03-02-2019,
778,03-10-2019,26,18,03-06-2019,
779,03-10-2019,26,10,03-06-2019,
781,03-10-2019,26,12,03-06-2019,
785,03-10-2019,26,23,03-06-2019,
792,03-10-2019,26,24,03-02-2019,
793,03-10-2019,26,6,03-02-2019,
794,03-10-2019,26,21,03-02-2019,
796,03-10-2019,26,-1,03-10-2019,
797,03-10-2019,26,20,03-02-2019,
823,03-10-2019,26,24,03-02-2019,
700,03-14-2019,27,20,03-06-2019,
703,03-14-2019,27,20,03-10-2019,
705,03-14-2019,27,12,03-10-2019,
710,03-14-2019,27,24,03-06-2019,
711,03-14-2019,27,19,03-10-2019,
713,03-14-2019,27,10,03-10-2019,
714,03-14-2019,27,24,03-10-2019,
718,03-14-2019,27,22,03-10-2019,
721,03-14-2019,27,21,03-02-2019,
722,03-14-2019,27,19,03-10-2019,
730,03-14-2019,27,17,03-06-2019,
731,03-14-2019,27,19,02-22-2019,
734,03-14-2019,27,17,03-10-2019,
735,03-14-2019,27,20,03-06-2019,
736,03-14-2019,27,5,03-10-2019,
738,03-14-2019,27,18,03-02-2019,
741,03-14-2019,27,15,03-10-2019,
742,03-14-2019,27,23,03-10-2019,
743,03-14-2019,27,18,03-10-2019,
748,03-14-2019,27,7,03-10-2019,
754,03-14-2019,27,17,03-10-2019,
756,03-14-2019,27,23,02-26-2019,
762,03-14-2019,27,25,03-06-2019,
764,03-14-2019,27,20,03-10-2019,
765,03-14-2019,27,21,03-10-2019,
766,03-14-2019,27,11,03-06-2019,
767,03-14-2019,27,19,03-02-2019,
772,03-14-2019,27,14,03-10-2019,
773,03-14-2019,27,23,02-26-2019,
776,03-14-2019,27,20,03-06-2019,
778,03-14-2019,27,18,03-10-2019,
779,03-14-2019,27,10,03-06-2019,
781,03-14-2019,27,12,03-06-2019,
782,03-14-2019,27,12,03-06-2019,
787,03-14-2019,27,20,03-02-2019,
788,03-14-2019,27,22,03-06-2019,
789,03-14-2019,27,2,03-10-2019,
792,03-14-2019,27,24,03-10-2019,
793,03-14-2019,27,6,03-10-2019,
794,03-14-2019,27,21,03-10-2019,
795,03-14-2019,27,22,03-06-2019,
797,03-14-2019,27,20,03-02-2019,
857,03-14-2019,27,25,03-06-2019,
951,03-14-2019,27,25,03-06-2019,
983,03-14-2019,27,25,03-06-2019,
701,03-18-2019,28,20,03-10-2019,
710,03-18-2019,28,24,03-06-2019,
711,03-18-2019,28,19,03-14-2019,
713,03-18-2019,28,10,03-14-2019,
714,03-18-2019,28,23,03-14-2019,
717,03-18-2019,28,14,03-14-2019,
718,03-18-2019,28,22,03-14-2019,
720,03-18-2019,28,19,03-10-2019,
721,03-18-2019,28,21,03-10-2019,
722,03-18-2019,28,19,03-14-2019,
726,03-18-2019,28,14,03-10-2019,
729,03-18-2019,28,24,03-14-2019,
730,03-18-2019,28,17,03-06-2019,
731,03-18-2019,28,19,03-14-2019,
734,03-18-2019,28,17,03-14-2019,
735,03-18-2019,28,-1,03-18-2019,
736,03-18-2019,28,5,03-14-2019,
737,03-18-2019,28,22,03-14-2019,
738,03-18-2019,28,18,03-14-2019,
741,03-18-2019,28,-1,03-18-2019,
743,03-18-2019,28,18,03-14-2019,
745,03-18-2019,28,24,03-06-2019,
746,03-18-2019,28,8,03-14-2019,
748,03-18-2019,28,7,03-06-2019,
749,03-18-2019,28,25,03-14-2019,
754,03-18-2019,28,17,03-02-2019,
764,03-18-2019,28,20,03-14-2019,
765,03-18-2019,28,21,03-10-2019,
766,03-18-2019,28,10,03-14-2019,
767,03-18-2019,28,19,03-02-2019,
772,03-18-2019,28,14,03-06-2019,
775,03-18-2019,28,17,03-10-2019,
776,03-18-2019,28,19,03-14-2019,
778,03-18-2019,28,18,03-14-2019,
779,03-18-2019,28,10,03-14-2019,
781,03-18-2019,28,-1,03-18-2019,
782,03-18-2019,28,10,02-26-2019,
786,03-18-2019,28,18,03-10-2019,
788,03-18-2019,28,22,03-06-2019,
789,03-18-2019,28,2,03-14-2019,
791,03-18-2019,28,20,03-06-2019,
792,03-18-2019,28,24,03-14-2019,
793,03-18-2019,28,6,03-02-2019,
795,03-18-2019,28,22,03-14-2019,
797,03-18-2019,28,20,03-10-2019,
822,03-18-2019,28,25,03-14-2019,
701,03-22-2019,29,20,03-10-2019,
704,03-22-2019,29,6,03-14-2019,
710,03-22-2019,29,24,03-06-2019,
711,03-22-2019,29,19,03-14-2019,
713,03-22-2019,29,-1,03-22-2019,
714,03-22-2019,29,24,03-18-2019,
717,03-22-2019,29,14,03-10-2019,
719,03-22-2019,29,27,03-14-2019,
720,03-22-2019,29,19,03-10-2019,
721,03-22-2019,29,21,03-18-2019,
722,03-22-2019,29,-1,03-22-2019,
726,03-22-2019,29,-1,03-22-2019,
729,03-22-2019,29,23,03-10-2019,
730,03-22-2019,29,16,03-12-2019,
734,03-22-2019,29,17,03-18-2019,
736,03-22-2019,29,-1,03-22-2019,
738,03-22-2019,29,18,03-18-2019,
743,03-22-2019,29,-1,03-22-2019,
745,03-22-2019,29,23,03-06-2019,
746,03-22-2019,29,8,03-18-2019,
747,03-22-2019,29,26,03-14-2019,
748,03-22-2019,29,7,03-18-2019,
749,03-22-2019,29,25,03-10-2019,
754,03-22-2019,29,17,03-14-2019,
756,03-22-2019,29,24,03-14-2019,
760,03-22-2019,29,27,03-14-2019,
764,03-22-2019,29,-1,03-22-2019,
765,03-22-2019,29,21,03-18-2019,
766,03-22-2019,29,9,03-14-2019,
767,03-22-2019,29,18,03-18-2019,
772,03-22-2019,29,-1,03-22-2019,
773,03-22-2019,29,24,03-14-2019,
776,03-22-2019,29,19,03-14-2019,
778,03-22-2019,29,18,03-14-2019,
779,03-22-2019,29,10,03-18-2019,
782,03-22-2019,29,10,03-18-2019,
783,03-22-2019,29,22,03-18-2019,
787,03-22-2019,29,20,03-18-2019,
788,03-22-2019,29,22,03-06-2019,
789,03-22-2019,29,2,03-14-2019,
792,03-22-2019,29,24,03-14-2019,
793,03-22-2019,29,6,03-02-2019,
794,03-22-2019,29,21,03-14-2019,
795,03-22-2019,29,22,03-14-2019,
797,03-22-2019,29,20,03-14-2019,
849,03-22-2019,29,27,03-14-2019,
940,03-22-2019,29,27,03-14-2019,
948,03-22-2019,29,27,03-14-2019,
612,03-26-2019,30,28,03-18-2019,
700,03-26-2019,30,22,03-18-2019,
701,03-26-2019,30,20,03-10-2019,
705,03-26-2019,30,14,03-18-2019,
710,03-26-2019,30,24,03-25-2019,
711,03-26-2019,30,19,03-25-2019,
714,03-26-2019,30,24,03-18-2019,
717,03-26-2019,30,14,03-10-2019,
718,03-26-2019,30,23,03-18-2019,
721,03-26-2019,30,21,03-18-2019,
724,03-26-2019,30,27,03-18-2019,
725,03-26-2019,30,27,03-18-2019,
728,03-26-2019,30,24,03-14-2019,
729,03-26-2019,30,19,03-14-2019,
731,03-26-2019,30,19,03-18-2019,
734,03-26-2019,30,17,03-18-2019,
737,03-26-2019,30,22,03-18-2019,
738,03-26-2019,30,-1,03-26-2019,
742,03-26-2019,30,25,03-18-2019,
744,03-26-2019,30,8,03-18-2019,
745,03-26-2019,30,23,03-22-2019,
747,03-26-2019,30,26,03-14-2019,
748,03-26-2019,30,7,03-18-2019,
749,03-26-2019,30,25,03-22-2019,
754,03-26-2019,30,17,03-25-2019,
756,03-26-2019,30,-1,03-26-2019,
763,03-26-2019,30,27,03-18-2019,
765,03-26-2019,30,21,03-25-2019,
766,03-26-2019,30,9,03-18-2019,
767,03-26-2019,30,18,03-18-2019,
773,03-26-2019,30,22,03-25-2019,
776,03-26-2019,30,19,03-25-2019,
778,03-26-2019,30,-1,03-26-2019,
783,03-26-2019,30,22,03-18-2019,
787,03-26-2019,30,20,03-18-2019,
788,03-26-2019,30,-1,03-26-2019,
789,03-26-2019,30,2,03-14-2019,
793,03-26-2019,30,6,03-18-2019,
795,03-26-2019,30,22,03-06-2019,
797,03-26-2019,30,-1,03-26-2019,
822,03-26-2019,30,25,03-10-2019,
830,03-26-2019,30,28,03-18-2019,
840,03-26-2019,30,28,03-18-2019,
848,03-26-2019,30,28,03-18-2019,
849,03-26-2019,30,27,03-14-2019,
916,03-26-2019,30,28,03-18-2019,
578,03-30-2019,31,29,03-22-2019,
664,03-30-2019,31,28,03-18-2019,
701,03-30-2019,31,20,03-26-2019,
703,03-30-2019,31,23,03-22-2019,
708,03-30-2019,31,9,03-22-2019,
710,03-30-2019,31,23,03-22-2019,population
711,03-30-2019,31,-1,03-30-2019,
714,03-30-2019,31,-1,03-30-2019,
717,03-30-2019,31,14,03-10-2019,
720,03-30-2019,31,20,03-22-2019,
721,03-30-2019,31,-1,03-30-2019,
725,03-30-2019,31,27,03-18-2019,
727,03-30-2019,31,22,03-22-2019,
729,03-30-2019,31,19,03-26-2019,
730,03-30-2019,31,17,03-22-2019,
734,03-30-2019,31,-1,03-30-2019,
737,03-30-2019,31,23,03-18-2019,
742,03-30-2019,31,25,03-18-2019,
744,03-30-2019,31,8,03-25-2019,population
745,03-30-2019,31,23,03-22-2019,
746,03-30-2019,31,8,03-25-2019,
747,03-30-2019,31,26,03-14-2019,
748,03-30-2019,31,7,03-25-2019,
749,03-30-2019,31,25,03-22-2019,
754,03-30-2019,31,-1,03-30-2019,
757,03-30-2019,31,25,03-22-2019,
760,03-30-2019,31,27,03-22-2019,
765,03-30-2019,31,-1,03-30-2019,
766,03-30-2019,31,9,03-18-2019,
767,03-30-2019,31,-1,03-30-2019,
771,03-30-2019,31,28,03-22-2019,
773,03-30-2019,31,22,03-25-2019,
776,03-30-2019,31,19,03-25-2019,
779,03-30-2019,31,11,03-22-2019,
789,03-30-2019,31,2,03-14-2019,
791,03-30-2019,31,22,03-22-2019,
793,03-30-2019,31,-1,03-30-2019,
794,03-30-2019,31,22,03-22-2019,
795,03-30-2019,31,22,03-22-2019,
799,03-30-2019,31,29,03-22-2019,
832,03-30-2019,31,29,03-22-2019,
849,03-30-2019,31,27,03-10-2019,
866,03-30-2019,31,28,03-22-2019,
870,03-30-2019,31,29,03-22-2019,
896,03-30-2019,31,28,03-22-2019,
897,03-30-2019,31,29,03-22-2019,
905,03-30-2019,31,29,03-22-2019,
916,03-30-2019,31,28,03-18-2019,
968,03-30-2019,31,29,03-22-2019,
705,04-03-2019,32,15,03-26-2019,
710,04-03-2019,32,-1,04-03-2019,
716,04-03-2019,32,30,03-26-2019,
717,04-03-2019,32,-1,04-03-2019,
718,04-03-2019,32,22,04-02-2019,
725,04-03-2019,32,27,03-18-2019,
727,04-03-2019,32,22,03-18-2019,
728,04-03-2019,32,25,03-26-2019,
730,04-03-2019,32,17,03-22-2019,
731,04-03-2019,32,20,03-26-2019,
742,04-03-2019,32,25,03-18-2019,
744,04-03-2019,32,8,04-02-2019,
746,04-03-2019,32,8,04-02-2019,
747,04-03-2019,32,26,03-26-2019,
748,04-03-2019,32,-1,04-03-2019,
749,04-03-2019,32,25,04-02-2019,
760,04-03-2019,32,28,03-22-2019,
763,04-03-2019,32,28,03-26-2019,
766,04-03-2019,32,-1,04-03-2019,
773,04-03-2019,32,22,03-25-2019,
775,04-03-2019,32,20,03-26-2019,
776,04-03-2019,32,-1,04-03-2019,
780,04-03-2019,32,10,03-26-2019,
782,04-03-2019,32,12,03-26-2019,
787,04-03-2019,32,20,04-02-2019,
789,04-03-2019,32,-1,04-03-2019,
792,04-03-2019,32,26,03-26-2019,
794,04-03-2019,32,22,03-22-2019,
795,04-03-2019,32,-1,04-03-2019,
822,04-03-2019,32,25,03-30-2019,
849,04-03-2019,32,27,03-30-2019,
974,04-03-2019,32,30,04-03-2019,
644,04-07-2019,33,30,03-30-2019,
701,04-07-2019,33,18,04-02-2019,
703,04-07-2019,33,23,03-22-2019,
718,04-07-2019,33,22,04-05-2019,
720,04-07-2019,33,20,03-22-2019,
725,04-07-2019,33,21,04-02-2019,
727,04-07-2019,33,21,04-03-2019,
728,04-07-2019,33,25,03-06-2019,
737,04-07-2019,33,23,03-18-2019,
742,04-07-2019,33,23,04-02-2019,
746,04-07-2019,33,8,04-05-2019,
747,04-07-2019,33,-1,04-07-2019,
749,04-07-2019,33,-1,04-07-2019,
752,04-07-2019,33,27,03-30-2019,
760,04-07-2019,33,28,04-05-2019,
763,04-07-2019,33,27,03-18-2019,
769,04-07-2019,33,28,03-26-2019,
771,04-07-2019,33,28,03-22-2019,
773,04-07-2019,33,23,04-05-2019,
779,04-07-2019,33,10,04-02-2019,
783,04-07-2019,33,22,04-05-2019,
787,04-07-2019,33,20,04-05-2019,
791,04-07-2019,33,18,04-05-2019,
792,04-07-2019,33,26,03-26-2019,
794,04-07-2019,33,22,04-05-2019,
849,04-07-2019,33,27,03-30-2019,
858,04-07-2019,33,31,03-30-2019,
866,04-07-2019,33,29,03-30-2019,
874,04-07-2019,33,30,03-30-2019,
701,04-11-2019,34,20,04-08-2019,weird but true
705,04-11-2019,34,15,03-26-2019,
706,04-11-2019,34,19,04-02-2019,
716,04-11-2019,34,31,04-02-2019,
718,04-11-2019,34,22,04-08-2019,
725,04-11-2019,34,21,04-08-2019,
727,04-11-2019,34,21,04-03-2019,
729,04-11-2019,34,19,04-08-2019,
730,04-11-2019,34,18,04-02-2019,
737,04-11-2019,34,22,04-08-2019,
742,04-11-2019,34,23,04-02-2019,
744,04-11-2019,34,8,04-08-2019,
745,04-11-2019,34,25,04-02-2019,
746,04-11-2019,34,8,04-05-2019,
752,04-11-2019,34,27,03-30-2019,
755,04-11-2019,34,32,04-02-2019,
757,04-11-2019,34,27,04-02-2019,
762,04-11-2019,34,31,04-02-2019,
763,04-11-2019,34,-1,04-11-2019,
769,04-11-2019,34,29,03-30-2019,
771,04-11-2019,34,29,03-30-2019,
773,04-11-2019,34,-1,04-11-2019,
775,04-11-2019,34,21,04-02-2019,
779,04-11-2019,34,11,03-22-2019,
781,04-11-2019,34,-1,04-11-2019,
787,04-11-2019,34,-1,04-11-2019,
794,04-11-2019,34,21,04-08-2019,
799,04-11-2019,34,30,03-30-2019,
583,04-16-2019,35,33,04-07-2019,
586,04-16-2019,35,33,04-07-2019,
670,04-16-2019,35,33,04-07-2019,
701,04-16-2019,35,21,03-30-2019,
703,04-16-2019,35,24,04-07-2019,
705,04-16-2019,35,15,03-26-2019,
706,04-16-2019,35,18,03-30-2019,
718,04-16-2019,35,22,04-12-2019,
727,04-16-2019,35,-1,04-16-2019,
729,04-16-2019,35,19,04-12-2019,
730,04-16-2019,35,18,04-04-2019,
731,04-16-2019,35,21,04-02-2019,
740,04-16-2019,35,32,04-07-2019,
744,04-16-2019,35,8,04-12-2019,
745,04-16-2019,35,25,04-02-2019,
759,04-16-2019,35,21,04-07-2019,
769,04-16-2019,35,29,03-30-2019,
779,04-16-2019,35,12,03-30-2019,
799,04-16-2019,35,30,03-30-2019,
835,04-16-2019,35,32,04-07-2019,
845,04-16-2019,35,33,04-07-2019,
760,04-16-2019,35,29,04-07-2019,
782,04-16-2019,35,14,04-07-2019,
790,04-16-2019,35,33,04-07-2019,
792,04-16-2019,35,27,04-07-2019,
794,04-16-2019,35,21,04-12-2019,
706,04-19-2019,36,18,03-30-2019,
708,04-19-2019,36,13,04-11-2019,
720,04-19-2019,36,22,04-11-2019,
728,04-19-2019,36,26,04-07-2019,
730,04-19-2019,36,18,04-02-2019,
740,04-19-2019,36,31,04-15-2019,
742,04-19-2019,36,-1,04-19-2019,
744,04-19-2019,36,8,04-16-2019,
752,04-19-2019,36,28,04-11-2019,
760,04-19-2019,36,27,04-16-2019,
782,04-19-2019,36,13,04-02-2019,
790,04-19-2019,36,33,04-07-2019,
794,04-19-2019,36,-1,04-19-2019,
701,04-19-2019,36,20,04-12-2019,
703,04-19-2019,36,24,04-07-2019,
705,04-19-2019,36,12,04-16-2019,
729,04-19-2019,36,19,04-16-2019,
745,04-19-2019,36,25,04-02-2019,
757,04-19-2019,36,27,04-02-2019,
769,04-19-2019,36,29,03-30-2019,
771,04-19-2019,36,30,04-11-2019,
775,04-19-2019,36,22,04-11-2019,
779,04-19-2019,36,11,04-11-2019,
783,04-19-2019,36,22,04-16-2019,
791,04-19-2019,36,20,04-11-2019,
799,04-19-2019,36,30,03-30-2019,
718,04-23-2019,37,23,04-15-2019,
720,04-23-2019,37,22,04-11-2019,
724,04-23-2019,37,33,04-15-2019,
728,04-23-2019,37,27,04-11-2019,
730,04-23-2019,37,18,04-02-2019,
740,04-23-2019,37,31,04-02-2019,
744,04-23-2019,37,8,04-16-2019,
750,04-23-2019,37,35,04-15-2019,
790,04-23-2019,37,33,04-19-2019,
757,04-23-2019,37,27,04-23-2019,
759,04-23-2019,37,22,04-15-2019,
769,04-23-2019,37,29,04-19-2019,
771,04-23-2019,37,30,04-11-2019,
775,04-23-2019,37,22,04-11-2019,
779,04-23-2019,37,11,04-11-2019,
783,04-23-2019,37,22,04-16-2019,
799,04-23-2019,37,30,04-19-2019,
701,04-23-2019,37,20,04-16-2019,
729,04-23-2019,37,19,04-16-2019,
731,04-23-2019,37,21,04-02-2019,
700,04-27-2019,38,29,04-19-2019,
720,04-27-2019,38,22,04-11-2019,
718,04-27-2019,38,22,04-24-2019,
728,04-27-2019,38,27,04-11-2019,
744,04-27-2019,38,8,04-24-2019,
746,04-27-2019,38,11,04-19-2019,
762,04-27-2019,38,34,04-19-2019,
782,04-27-2019,38,14,04-19-2019,
790,04-27-2019,38,33,04-24-2019,
792,04-27-2019,38,28,04-15-2019,
731,04-27-2019,38,21,04-11-2019,
737,04-27-2019,38,23,04-15-2019,
745,04-27-2019,38,23,04-24-2019,
757,04-27-2019,38,27,04-24-2019,
759,04-27-2019,38,22,04-15-2019,
761,04-27-2019,38,35,04-15-2019,
769,04-27-2019,38,29,04-24-2019,
771,04-27-2019,38,30,04-11-2019,
783,04-27-2019,38,22,04-24-2019,
799,04-27-2019,38,30,04-19-2019,
730,04-27-2019,38,-1,04-27-2019,
701,04-27-2019,38,-1,04-27-2019,
561,04-27-2019,38,36,04-19-2019,
664,04-27-2019,38,34,04-19-2019,
866,04-27-2019,38,33,04-19-2019,
847,04-27-2019,38,35,04-19-2019,
898,04-27-2019,38,36,04-15-2019,
944,04-27-2019,38,36,04-19-2019,
942,04-27-2019,38,36,04-19-2019,
669,04-27-2019,38,34,04-19-2019,
675,04-27-2019,38,35,04-19-2019,
956,04-27-2019,38,36,04-19-2019,
956,04-27-2019,38,36,04-19-2019,
708,05-01-2019,39,15,04-23-2019,
720,05-01-2019,39,22,04-11-2019,
724,05-01-2019,39,34,04-23-2019,
746,05-01-2019,39,11,04-19-2019,
750,05-01-2019,39,36,04-23-2019,
752,05-01-2019,39,29,04-19-2019,
760,05-01-2019,39,28,04-19-2019,
768,05-01-2019,39,31,04-23-2019,
770,05-01-2019,39,34,04-23-2019,
782,05-01-2019,39,14,04-19-2019,
790,05-01-2019,39,33,04-23-2019,
792,05-01-2019,39,28,04-15-2019,
729,05-01-2019,39,20,04-23-2019,
731,05-01-2019,39,19,04-24-2019,
737,05-01-2019,39,22,04-24-2019,
757,05-01-2019,39,27,04-24-2019,
761,05-01-2019,39,35,04-15-2019,
769,05-01-2019,39,29,04-24-2019,
771,05-01-2019,39,30,04-27-2019,
775,05-01-2019,39,22,04-11-2019,
783,05-01-2019,39,22,04-24-2019,
799,05-01-2019,39,-1,05-01-2019,
894,05-01-2019,39,36,04-24-2019,
667,05-01-2019,39,35,04-24-2019,
706,05-05-2019,40,20,04-27-2019,
718,05-05-2019,40,23,04-27-2019,
720,05-05-2019,40,21,05-03-2019,
740,05-05-2019,40,32,05-03-2019,
744,05-05-2019,40,9,05-05-2019,
750,05-05-2019,40,36,04-23-2019,
768,05-05-2019,40,31,04-23-2019,
782,05-05-2019,40,14,04-19-2019,
790,05-05-2019,40,-1,05-05-2019,
792,05-05-2019,40,28,04-15-2019,
729,05-05-2019,40,19,05-04-2019,
731,05-05-2019,40,19,05-04-2019,
737,05-05-2019,40,22,05-04-2019,
757,05-05-2019,40,27,05-04-2019,
759,05-05-2019,40,22,04-15-2019,
775,05-05-2019,40,22,05-04-2019,
779,05-05-2019,40,13,04-27-2019,
783,05-05-2019,40,22,05-04-2019,
657,05-05-2019,40,38,04-27-2019,
805,05-05-2019,40,38,04-27-2019,
866,05-05-2019,40,34,04-27-2019,
894,05-05-2019,40,36,04-23-2019,
825,05-05-2019,40,38,04-27-2019,
557,05-08-2019,41,38,04-27-2019,
692,05-08-2019,41,39,05-01-2019,
704,05-08-2019,41,17,05-01-2019,
708,05-08-2019,41,16,05-01-2019,
718,05-08-2019,41,22,05-08-2019,
720,05-08-2019,41,-1,05-08-2019,
724,05-08-2019,41,35,05-01-2019,
746,05-08-2019,41,12,05-01-2019,
750,05-08-2019,41,36,04-23-2019,
752,05-08-2019,41,29,04-19-2019,
768,05-08-2019,41,31,05-08-2019,
782,05-08-2019,41,14,05-08-2019,
792,05-08-2019,41,28,05-08-2019,
703,05-08-2019,41,28,05-01-2019,
705,05-08-2019,41,16,05-01-2019,
731,05-08-2019,41,19,05-08-2019,
745,05-08-2019,41,25,05-01-2019,
757,05-08-2019,41,-1,05-08-2019,
759,05-08-2019,41,14,05-08-2019,
769,05-08-2019,41,30,05-01-2019,
702,05-13-2019,42,33,05-05-2019,
706,05-13-2019,42,21,05-05-2019,
724,05-13-2019,42,34,04-23-2019,
728,05-13-2019,42,30,05-05-2019,
744,05-13-2019,42,10,05-05-2019,
746,05-13-2019,42,12,05-01-2019,
760,05-13-2019,42,30,05-05-2019,
782,05-13-2019,42,-1,05-13-2019,
792,05-13-2019,42,28,05-08-2019,
761,05-13-2019,42,37,05-05-2019,
771,05-13-2019,42,30,05-08-2019,
775,05-13-2019,42,23,05-08-2019,
779,05-13-2019,42,13,04-27-2019,
791,05-13-2019,42,23,04-27-2019,
705,05-13-2019,42,16,05-01-2019,
729,05-13-2019,42,20,05-05-2019,
731,05-13-2019,42,-1,05-13-2019,
737,05-13-2019,42,23,05-05-2019,
853,05-13-2019,42,39,05-05-2019,
857,05-13-2019,42,39,05-05-2019,
908,05-13-2019,42,38,05-05-2019,
956,05-13-2019,42,40,05-05-2019,
753,05-17-2019,43,40,05-09-2019,
761,05-17-2019,43,37,05-05-2019,
769,05-17-2019,43,31,05-09-2019,
771,05-17-2019,43,30,05-15-2019,
779,05-17-2019,43,13,04-27-2019,
783,05-17-2019,43,24,05-09-2019,
791,05-17-2019,43,23,05-15-2019,
705,05-17-2019,43,16,05-01-2019,
719,05-17-2019,43,40,05-09-2019,
729,05-17-2019,43,20,05-05-2019,
737,05-17-2019,43,23,05-05-2019,
745,05-17-2019,43,26,05-09-2019,
704,05-17-2019,43,17,05-01-2019,
706,05-17-2019,43,21,05-05-2019,
708,05-17-2019,43,17,05-09-2019,
724,05-17-2019,43,34,05-13-2019,
728,05-17-2019,43,30,05-05-2019,
740,05-17-2019,43,32,05-05-2019,
746,05-17-2019,43,12,05-01-2019,
750,05-17-2019,43,38,05-09-2019,
762,05-17-2019,43,38,05-09-2019,
768,05-17-2019,43,32,05-09-2019,
792,05-17-2019,43,-1,05-17-2019,
996,05-17-2019,43,41,05-09-2019,
914,05-17-2019,43,41,05-09-2019,
718,05-21-2019,44,24,05-13-2019,
724,05-21-2019,44,34,05-20-2019,
728,05-21-2019,44,30,05-05-2019,
746,05-21-2019,44,12,05-20-2019,
750,05-21-2019,44,38,05-09-2019,
752,05-21-2019,44,31,05-13-2019,
760,05-21-2019,44,30,05-05-2019,
768,05-21-2019,44,32,05-09-2019,
784,05-21-2019,44,21,05-13-2019,
705,05-21-2019,44,16,05-01-2019,
719,05-21-2019,44,40,05-09-2019,
745,05-21-2019,44,26,05-09-2019,
753,05-21-2019,44,40,05-09-2019,
759,05-21-2019,44,16,05-13-2019,
761,05-21-2019,44,37,05-05-2019,
771,05-21-2019,44,30,05-20-2019,
775,05-21-2019,44,23,05-20-2019,
779,05-21-2019,44,11,05-20-2019,
783,05-21-2019,44,24,05-09-2019,
791,05-21-2019,44,23,05-15-2019,
952,05-21-2019,44,42,05-13-2019,
536,05-21-2019,44,42,05-13-2019,
667,05-21-2019,44,39,05-13-2019,
703,05-25-2019,45,31,05-17-2019,
705,05-25-2019,45,12,05-24-2019,
729,05-25-2019,45,21,05-17-2019,
745,05-25-2019,45,24,05-24-2019,
761,05-25-2019,45,37,05-05-2019,
769,05-25-2019,45,32,05-17-2019,
771,05-25-2019,45,30,05-24-2019,
775,05-25-2019,45,23,05-05-2019,
779,05-25-2019,45,-1,05-25-2019,
783,05-25-2019,45,23,05-05-2019,
791,05-25-2019,45,23,05-24-2019,
704,05-29-2019,46,17,05-24-2019,
706,05-29-2019,46,22,05-21-2019,
708,05-29-2019,46,19,05-21-2019,
724,05-29-2019,46,35,05-21-2019,
728,05-29-2019,46,31,05-21-2019,
740,05-29-2019,46,33,05-17-2019,
744,05-29-2019,46,12,05-17-2019,
750,05-29-2019,46,39,05-21-2019,
760,05-29-2019,46,27,05-24-2019,
768,05-29-2019,46,18,05-24-2019,
703,05-29-2019,46,31,05-17-2019,
725,05-29-2019,46,32,05-21-2019,
729,05-29-2019,46,21,05-17-2019,
737,05-29-2019,46,25,05-21-2019,
684,05-29-2019,46,44,05-21-2019,
753,05-29-2019,46,41,05-21-2019,
761,05-29-2019,46,-1,05-29-2019,
771,05-29-2019,46,-1,05-29-2019,
775,05-29-2019,46,22,05-24-2019,
783,05-29-2019,46,22,05-24-2019,
791,05-29-2019,46,23,05-24-2019,
769,05-29-2019,46,32,05-24-2019,
695,05-29-2019,46,44,05-21-2019,
706,06-02-2019,47,22,05-17-2019,
718,06-02-2019,47,25,05-21-2019,
724,06-02-2019,47,34,06-01-2019,
728,06-02-2019,47,24,06-01-2019,
740,06-02-2019,47,33,05-17-2019,
744,06-02-2019,47,12,05-17-2019,
746,06-02-2019,47,9,05-25-2019,
750,06-02-2019,47,40,05-25-2019,
760,06-02-2019,47,27,06-01-2019,
703,06-02-2019,47,31,05-17-2019,
709,06-02-2019,47,45,05-25-2019,
715,06-02-2019,47,39,05-25-2019,
737,06-02-2019,47,25,05-21-2019,
753,06-02-2019,47,41,05-21-2019,
552,06-02-2019,47,44,05-25-2019,
529,06-02-2019,47,45,05-25-2019,
646,06-02-2019,47,45,05-25-2019,
896,06-02-2019,47,45,05-25-2019,
546,06-02-2019,47,45,05-25-2019,
671,06-06-2019,48,46,05-29-2019,
824,06-06-2019,48,46,05-29-2019,
708,06-06-2019,48,20,05-29-2019,
718,06-06-2019,48,26,05-25-2019,
724,06-06-2019,48,34,06-01-2019,
740,06-06-2019,48,31,06-01-2019,
744,06-06-2019,48,10,06-01-2019,
746,06-06-2019,48,9,05-25-2019,
760,06-06-2019,48,28,05-24-2019,
784,06-06-2019,48,23,05-29-2019,
703,06-06-2019,48,31,05-24-2019,
705,06-06-2019,48,14,05-29-2019,
719,06-06-2019,48,43,05-29-2019,
723,06-06-2019,48,46,05-29-2019,
729,06-06-2019,48,19,06-01-2019,
737,06-06-2019,48,25,05-21-2019,
745,06-06-2019,48,25,05-29-2019,
753,06-06-2019,48,41,05-21-2019,
775,06-06-2019,48,23,05-29-2019,
783,06-06-2019,48,23,05-29-2019,
791,06-06-2019,48,24,05-25-2019,
706,06-10-2019,49,23,06-07-2019,
708,06-10-2019,49,20,05-29-2019,
718,06-10-2019,49,22,06-01-2019,
740,06-10-2019,49,33,05-17-2019,
744,06-10-2019,49,12,05-17-2019,
750,06-10-2019,49,41,06-02-2019,
760,06-10-2019,49,27,06-01-2019,
768,06-10-2019,49,-1,06-10-2019,
770,06-10-2019,49,41,06-02-2019,
752,06-10-2019,49,34,06-02-2019,
705,06-10-2019,49,14,05-29-2019,
723,06-10-2019,49,46,05-29-2019,
729,06-10-2019,49,19,06-01-2019,
737,06-10-2019,49,24,06-01-2019,
745,06-10-2019,49,25,05-29-2019,
785,06-10-2019,49,45,06-02-2019,
791,06-10-2019,49,24,05-29-2019,			
769,06-10-2019,49,34,06-02-2019,			
704,06-14-2019,50,19,06-02-2019,
706,06-14-2019,50,22,06-10-2019,
708,06-14-2019,50,20,06-10-2019,
718,06-14-2019,50,22,06-12-2019,
724,06-14-2019,50,35,06-06-2019,
740,06-14-2019,50,31,06-12-2019,
746,06-14-2019,50,8,06-12-2019,
750,06-14-2019,50,40,05-25-2019,
760,06-14-2019,50,-1,06-14-2019,
705,06-14-2019,50,14,05-29-2019,
709,06-14-2019,50,47,06-06-2019,
723,06-14-2019,50,46,05-29-2019,
729,06-14-2019,50,-1,06-14-2019,
737,06-14-2019,50,22,06-12-2019,
753,06-14-2019,50,42,06-06-2019,
759,06-14-2019,50,21,06-06-2019,
769,06-14-2019,50,34,06-02-2019,
775,06-14-2019,50,24,06-06-2019,
562,06-14-2019,50,48,06-06-2019,
750,06-18-2019,51,40,06-14-2019,
752,06-18-2019,51,35,06-10-2019,
770,06-18-2019,51,42,06-10-2019,
702,06-18-2019,51,41,06-10-2019,
704,06-18-2019,51,19,06-02-2019,
706,06-18-2019,51,22,06-10-2019,
708,06-18-2019,51,20,06-10-2019,
718,06-18-2019,51,22,06-12-2019,
724,06-18-2019,51,34,06-12-2019,
740,06-18-2019,51,-1,06-18-2019,
744,06-18-2019,51,12,06-12-2019,
746,06-18-2019,51,12,06-01-2019,
745,06-18-2019,51,26,06-10-2019,
529,06-18-2019,51,48,06-10-2019,
664,06-18-2019,51,46,06-10-2019,
695,06-18-2019,51,48,06-10-2019,
753,06-18-2019,51,42,06-06-2019,
755,06-18-2019,51,48,06-10-2019,
759,06-18-2019,51,21,06-06-2019,
783,06-18-2019,51,25,06-10-2019,
791,06-18-2019,51,25,06-10-2019,
706,06-22-2019,52,22,06-10-2019,
708,06-22-2019,52,20,06-10-2019,
724,06-22-2019,52,34,06-12-2019,
728,06-22-2019,52,28,06-14-2019,
744,06-22-2019,52,12,06-10-2019,
750,06-22-2019,52,40,06-14-2019,
752,06-22-2019,52,34,06-02-2019,
703,06-22-2019,52,34,06-14-2019,
705,06-22-2019,52,15,06-14-2019,
709,06-22-2019,52,48,06-14-2019,
723,06-22-2019,52,47,06-14-2019,
745,06-22-2019,52,26,06-10-2019,
753,06-22-2019,52,42,06-06-2019,
755,06-22-2019,52,48,06-10-2019,
759,06-22-2019,52,21,06-06-2019,
769,06-22-2019,52,35,06-14-2019,
783,06-22-2019,52,24,06-06-2019,
791,06-22-2019,52,23,06-12-2019,
525,06-22-2019,52,45,06-14-2019,
637,06-22-2019,52,50,06-14-2019,
663,06-22-2019,52,50,06-14-2019,
704,06-26-2019,53,20,06-18-2019,
708,06-26-2019,53,-1,06-26-2019,
718,06-26-2019,53,23,06-18-2019,
724,06-26-2019,53,34,06-01-2019,
744,06-26-2019,53,12,06-12-2019,
746,06-26-2019,53,12,06-12-2019,
750,06-26-2019,53,40,06-12-2019,
705,06-26-2019,53,14,06-12-2019,
723,06-26-2019,53,46,06-12-2019,
745,06-26-2019,53,23,06-12-2019,
753,06-26-2019,53,42,06-12-2019,
759,06-26-2019,53,21,06-22-2019,
769,06-26-2019,53,35,06-22-2019,
775,06-26-2019,53,26,06-18-2019,
783,06-26-2019,53,24,06-22-2019,
791,06-26-2019,53,23,06-12-2019,
575,06-26-2019,53,51,06-18-2019,
818,06-26-2019,53,50,06-18-2019,
819,06-26-2019,53,51,06-18-2019,
703,06-30-2019,54,35,06-22-2019,
705,06-30-2019,54,14,06-26-2019,
715,06-30-2019,54,45,06-22-2019,
719,06-30-2019,54,48,06-22-2019,
737,06-30-2019,54,25,06-22-2019,
745,06-30-2019,54,23,06-22-2019,
753,06-30-2019,54,-1,06-30-2019,
755,06-30-2019,54,49,06-22-2019,
759,06-30-2019,54,21,06-26-2019,
769,06-30-2019,54,35,06-22-2019,
785,06-30-2019,54,23,06-12-2019,
759,07-04-2019,55,-1,07-04-2019,
783,07-04-2019,55,25,06-26-2019,
703,07-04-2019,55,35,06-22-2019,
705,07-04-2019,55,14,06-26-2019,
702,07-08-2019,56,45,06-30-2019,
783,07-08-2019,56,24,07-08-2019,
706,07-08-2019,56,-1,07-08-2019,
752,07-08-2019,56,37,06-30-2019,
708,07-08-2019,56,31,06-30-2019,
703,07-08-2019,56,33,06-26-2019,
791,07-08-2019,56,25,06-30-2019,
755,07-08-2019,56,50,06-30-2019,
705,07-08-2019,56,14,06-26-2019,
746,07-08-2019,56,14,06-30-2019,
723,07-08-2019,56,48,06-30-2019,
523,07-04-2019,55,53,06-26-2019,
602,07-04-2019,55,53,06-26-2019,
575,07-08-2019,56,53,07-01-2019,
513,07-08-2019,56,54,07-01-2019,
611,07-08-2019,56,53,07-01-2019,
638,07-12-2019,57,55,07-04-2019,
599,07-12-2019,57,55,07-04-2019,
509,07-12-2019,57,54,07-04-2019,
532,07-12-2019,57,55,07-04-2019,
647,07-12-2019,57,54,07-04-2019,
615,07-12-2019,57,55,07-04-2019,
705,07-12-2019,57,-1,07-12-2019,
702,07-12-2019,57,45,07-01-2019,
703,07-12-2019,57,-1,07-12-2019,
745,07-12-2019,57,-1,07-12-2019,
791,07-12-2019,57,25,07-01-2019,
644,07-16-2019,58,54,07-08-2019,
570,07-16-2019,58,54,07-08-2019,
590,07-16-2019,58,56,07-08-2019,
619,07-16-2019,58,55,07-08-2019,
791,07-16-2019,58,25,07-01-2019,
785,07-16-2019,58,26,07-08-2019,
783,07-16-2019,58,25,07-08-2019,
755,07-16-2019,58,51,07-08-2019,
769,07-16-2019,58,38,07-08-2019,
744,07-16-2019,58,16,07-08-2019,
828,07-16-2019,58,56,07-08-2019,
803,07-16-2019,58,56,07-08-2019,
813,07-16-2019,58,56,07-08-2019,
823,07-16-2019,58,55,07-08-2019,
833,07-16-2019,58,55,07-08-2019,
903,07-16-2019,58,56,07-08-2019,
968,07-16-2019,58,56,07-08-2019,
928,07-16-2019,58,56,07-08-2019,
608,07-20-2019,59,57,07-12-2019,
523,07-20-2019,59,56,07-12-2019,
533,07-20-2019,59,57,07-12-2019,
580,07-20-2019,59,56,07-12-2019,
663,07-20-2019,59,56,07-12-2019,
697,07-20-2019,59,57,07-12-2019,
698,07-20-2019,59,57,07-12-2019,
791,07-20-2019,59,25,07-01-2019,
755,07-20-2019,59,51,07-08-2019,
751,07-20-2019,59,55,07-12-2019,
746,07-20-2019,59,16,07-12-2019,
723,07-20-2019,59,50,07-12-2019,
708,07-20-2019,59,33,07-12-2019,
898,07-20-2019,59,52,07-12-2019,
801,07-20-2019,59,55,07-12-2019,
831,07-20-2019,59,55,07-12-2019,
893,07-20-2019,59,56,07-12-2019,
622,07-24-2019,60,57,07-16-2019,
563,07-24-2019,60,58,07-16-2019,
791,07-24-2019,60,25,07-04-2019,
769,07-24-2019,60,39,07-16-2019,
755,07-24-2019,60,51,07-08-2019,
746,07-24-2019,60,16,07-12-2019,
723,07-24-2019,60,50,07-12-2019,
804,07-24-2019,60,53,07-16-2019,
854,07-24-2019,60,57,07-16-2019,
843,07-24-2019,60,58,07-16-2019,
823,07-24-2019,60,56,07-16-2019,
666,07-24-2019,60,57,07-12-2019,
640,07-28-2019,61,59,07-20-2019,
597,07-28-2019,61,59,07-20-2019,
512,07-28-2019,61,59,07-20-2019,
723,07-28-2019,61,50,07-12-2019,
746,07-28-2019,61,16,07-12-2019,
